<?xml version="1.0" encoding="utf-8"?>
<rss version="2.0" xmlns:sparkle="http://www.andymatuschak.org/xml-namespaces/sparkle" xmlns:dc="http://purl.org/dc/elements/1.1/">
    <channel>
        <title>Optima - Mises à jour</title>
        <link>https://github.com/optima-app/optima</link>
        <description>Mises à jour automatiques pour Optima - Votre tuteur IA personnel</description>
        <language>fr</language>
        
        <!-- Version 0.1.0 - Version initiale -->
        <item>
            <title>Version 0.1.0 - Lancement d'Optima</title>
            <description><![CDATA[
                <h2>🎉 Bienvenue dans Optima v0.1.0 !</h2>
                
                <p>Découvrez votre nouveau tuteur IA personnel pour transformer l'apprentissage.</p>
                
                <h3>✨ Fonctionnalités principales</h3>
                <ul>
                    <li>Import et lecture de documents PDF</li>
                    <li>Génération automatique de quiz et flashcards</li>
                    <li>Assistant IA intégré pour l'aide à l'étude</li>
                    <li>Suivi de progression et analytics</li>
                    <li>Interface native macOS moderne</li>
                </ul>
                
                <p><strong>Commencez votre voyage d'apprentissage intelligent dès aujourd'hui !</strong></p>
            ]]></description>
            <pubDate>Mon, 01 Jan 2024 00:00:00 +0000</pubDate>
            <link>https://github.com/optima-app/optima/releases/tag/v0.1.0</link>
            
            <enclosure 
                url="https://github.com/optima-app/optima/releases/download/v0.1.0/Optima-0.1.0.dmg"
                length="50000000"
                type="application/octet-stream"
                sparkle:version="0"
                sparkle:shortVersionString="0.1.0"
                sparkle:dsaSignature="MC0CFQCh98765SIGNATURE_HERE12345abcdef="
                sparkle:minimumSystemVersion="12.0"
            />
        </item>
    </channel>
</rss> 
